Total cost,A Baskar,Aditya Challa,Amit Kumar,Amit Setia,Amitendu Bhattacharya,Arnab Bannerjee,Arnab Kumar Paul,Ashwin Srinivasan,Basabdatta Bhattacharya,Bharat Deshpande,Bidisha Bannerjee,Biju Nair,Devashish Gosain,Devendra Gokul Patil,Diptendu Chatterjee,Gargi Prabhu,Geetha Bakilapadavu,Gunja Sachdeva,Harikrishan N.B.,Hemant Rathore,Himadri Mukherjee,Jajati Keshari Sahoo,K. A. Geetha,Kanchan Manna,Kunal Korgaonkar,Malabika Biswas,Manoj Kumar Pandey,Meenal Kowshik,Neena Govias,Nilak Datta,P Bhavana,Pradeep Boggarapu,Raghu Nath Behera,Rajesh Kumar,Ramprasad Joshi,Raviprasad Aduri,Rayson Alex,Sandhya Mehrotra,Sanjay Sahay,Santonu Sarkar,Saranya G Nair,Sayantani Sarkar,Shubhangi Gawali,Siddharth Gupta,Snehanshu Saha,Solano DSilva,Sougata Sen,Sravan Danda,Subhadeep Banerjee,Sujith Thomas,Suman Kundu,Surjya Ghosh,Swaroop Joshi,Swati Agarwal,Tanmay Verlekar,Tarkeshwar Singh,Varinder Singh,Vijayshree Nayak,Vinayak Naik,Yasmeen Akhtar
5010.0,HD Elec_CS G568,FD Elec_CS F431,FD CDC_CS F214,HD Elec_CS G523,HD Elec_CS G523,FD Elec_CS F519,FD Elec_CS F432,FD Elec_CS F429,HD CDC_CS G525,FD Elec_CS F425,FD Elec_CS F446,HD Elec_CS G551,FD Elec_CS F314,FD Elec_CS F425,FD CDC_CS F372,FD Elec_CS F441,FD Elec_CS F433,FD Elec_CS F468,FD CDC_CS F301,FD Elec_CS F314,FD CDC_CS F342,HD Elec_CS G568,FD CDC_CS F213,FD Elec_CS F430,FD CDC_CS F372,HD Elec_CS G541,HD CDC_CS G526,HD CDC_CS G623,HD Elec_CS G612,FD Elec_CS F519,FD Elec_CS F401,FD Elec_CS F424,FD Elec_CS F427,HD Elec_CS G518,FD Elec_CS F433,HD Elec_CS G518,HD Elec_CS G541,FD CDC_CS F342,FD Elec_CS F446,FD Elec_CS F469,FD Elec_CS F431,FD Elec_CS F407,FD Elec_CS F407,FD Elec_CS F468,FD Elec_CS F402,HD Elec_CS G516,FD Elec_CS F401,HD Elec_CS G516,FD Elec_CS F317,FD Elec_CS F316,FD Elec_CS F430,FD Elec_CS F444,FD Elec_CS F432,FD Elec_CS F427,FD CDC_CS F215,FD CDC_CS F222,FD Elec_CS F429,HD Elec_CS G553,FD CDC_CS F214,FD CDC_CS F215
,FD CDC_CS F301,FD CDC_CS F213,FD CDC_CS F222,,,,,,,FD Elec_CS F424,,HD Elec_CS G551,,,HD CDC_CS G623,HD Elec_CS G553,,,,,,,,,,,,,HD Elec_CS G612,,,,FD Elec_CS F317,,,,,HD CDC_CS G525,FD Elec_CS F316,FD Elec_CS F469,,,,,FD Elec_CS F402,,,,,,,FD Elec_CS F444,,,FD CDC_CS F351,FD CDC_CS F351,,,,
,,,,,,,,,,,,,,,,FD Elec_CS F441,,,,,,,,,,,,,,,,,,,,,,HD CDC_CS G526,,,,,,,,,,,,,,,,,,,,,,
,,,,,,,,,,,,,,,,,,,,,,,,,,,,,,,,,,,,,,,,,,,,,,,,,,,,,,,,,,,,
5040.0,HD Elec_CS G568,FD CDC_CS F222,FD CDC_CS F214,HD Elec_CS G568,FD Elec_CS F432,FD Elec_CS F433,HD Elec_CS G541,FD Elec_CS F429,HD Elec_CS G551,FD Elec_CS F425,FD Elec_CS F446,HD Elec_CS G551,FD CDC_CS F372,FD Elec_CS F469,HD CDC_CS G526,FD Elec_CS F441,FD Elec_CS F424,FD Elec_CS F468,FD Elec_CS F431,FD Elec_CS F314,FD Elec_CS F407,FD Elec_CS F402,FD Elec_CS F314,FD Elec_CS F430,HD Elec_CS G523,FD Elec_CS F444,FD CDC_CS F342,FD CDC_CS F222,HD Elec_CS G612,HD Elec_CS G541,FD Elec_CS F401,HD CDC_CS G623,FD Elec_CS F427,FD Elec_CS F433,FD Elec_CS F316,FD Elec_CS F431,FD Elec_CS F429,FD CDC_CS F351,FD Elec_CS F446,FD CDC_CS F215,FD CDC_CS F342,FD Elec_CS F469,FD Elec_CS F407,FD Elec_CS F468,HD Elec_CS G553,HD Elec_CS G516,FD Elec_CS F401,HD Elec_CS G516,FD Elec_CS F317,FD CDC_CS F213,FD Elec_CS F430,FD Elec_CS F444,FD Elec_CS F432,FD CDC_CS F214,HD CDC_CS G526,FD CDC_CS F301,HD CDC_CS G525,HD Elec_CS G612,HD Elec_CS G553,FD CDC_CS F215
,FD CDC_CS F301,FD CDC_CS F213,FD CDC_CS F351,,,FD Elec_CS F519,,,,FD Elec_CS F424,HD Elec_CS G518,,,,HD CDC_CS G623,FD Elec_CS F441,,,,,,,,,,,,,,,,,FD Elec_CS F317,FD Elec_CS F519,,HD Elec_CS G518,,,FD Elec_CS F316,FD CDC_CS F372,HD CDC_CS G525,,,,FD Elec_CS F402,,,,,,,HD Elec_CS G523,,FD Elec_CS F427,,,,,,
,,,,,,,,,,FD Elec_CS F425,,,,,,,,,,,,,,,,,,,,,,,,,,,,,,,,,,,,,,,,,,,,,,,,,,
,,,,,,,,,,,,,,,,,,,,,,,,,,,,,,,,,,,,,,,,,,,,,,,,,,,,,,,,,,,,
5130.0,FD CDC_CS F301,FD CDC_CS F213,FD Elec_CS F402,HD Elec_CS G568,FD Elec_CS F316,FD Elec_CS F433,FD Elec_CS F432,FD Elec_CS F429,FD Elec_CS F431,FD Elec_CS F425,FD CDC_CS F215,HD Elec_CS G551,FD Elec_CS F314,FD Elec_CS F469,HD Elec_CS G551,FD Elec_CS F441,HD CDC_CS G526,FD Elec_CS F468,FD Elec_CS F430,HD CDC_CS G525,FD Elec_CS F432,HD Elec_CS G568,FD CDC_CS F214,FD CDC_CS F213,FD CDC_CS F351,FD Elec_CS F444,FD Elec_CS F314,FD CDC_CS F301,HD Elec_CS G518,HD Elec_CS G612,FD Elec_CS F401,FD Elec_CS F424,FD Elec_CS F427,FD Elec_CS F433,HD Elec_CS G516,HD Elec_CS G518,HD Elec_CS G541,HD CDC_CS G623,FD Elec_CS F446,FD Elec_CS F407,FD Elec_CS F431,FD Elec_CS F469,FD Elec_CS F407,HD CDC_CS G525,FD Elec_CS F402,HD Elec_CS G516,FD Elec_CS F316,FD Elec_CS F446,FD Elec_CS F401,HD Elec_CS G612,FD Elec_CS F430,FD Elec_CS F444,FD Elec_CS F317,FD Elec_CS F427,FD CDC_CS F342,HD Elec_CS G523,FD Elec_CS F429,FD CDC_CS F222,FD Elec_CS F468,FD CDC_CS F215
,,FD CDC_CS F351,FD CDC_CS F342,,,FD Elec_CS F519,,,,FD Elec_CS F424,,FD CDC_CS F222,FD CDC_CS F372,HD Elec_CS G523,FD CDC_CS F214,FD Elec_CS F441,,,,,,,,,,HD Elec_CS G541,,,,,,FD CDC_CS F372,FD Elec_CS F317,FD Elec_CS F519,,,,,,,,HD CDC_CS G526,HD CDC_CS G623,,HD Elec_CS G553,,,,,,,,,,,,,,,
,,,,,,,,,,FD Elec_CS F425,,,,,,HD Elec_CS G553,,,,,,,,,,,,,,,,,,,,,,,,,,,,,,,,,,,,,,,,,,,,
,,,,,,,,,,,,,,,,,,,,,,,,,,,,,,,,,,,,,,,,,,,,,,,,,,,,,,,,,,,,
5160.0,FD CDC_CS F301,FD Elec_CS F431,FD Elec_CS F402,HD Elec_CS G568,FD Elec_CS F407,HD Elec_CS G541,FD Elec_CS F432,FD Elec_CS F429,FD Elec_CS F468,FD Elec_CS F425,HD Elec_CS G518,HD Elec_CS G551,FD Elec_CS F314,FD Elec_CS F469,FD CDC_CS F214,FD Elec_CS F441,FD CDC_CS F214,FD CDC_CS F342,FD Elec_CS F430,HD CDC_CS G526,FD Elec_CS F432,HD Elec_CS G568,HD CDC_CS G526,FD CDC_CS F213,FD CDC_CS F301,FD CDC_CS F372,FD Elec_CS F314,FD CDC_CS F351,HD Elec_CS G612,HD CDC_CS G525,FD Elec_CS F401,FD Elec_CS F424,FD Elec_CS F427,FD Elec_CS F433,HD Elec_CS G541,FD Elec_CS F429,HD Elec_CS G551,HD CDC_CS G623,FD Elec_CS F446,HD CDC_CS G623,FD Elec_CS F431,FD Elec_CS F407,FD CDC_CS F213,FD Elec_CS F468,FD Elec_CS F402,FD Elec_CS F433,HD Elec_CS G518,HD Elec_CS G516,FD Elec_CS F441,FD Elec_CS F317,FD CDC_CS F222,FD Elec_CS F444,FD Elec_CS F316,FD Elec_CS F427,FD CDC_CS F342,FD Elec_CS F446,FD CDC_CS F215,FD Elec_CS F469,FD Elec_CS F430,FD CDC_CS F215
,,FD CDC_CS F351,HD Elec_CS G553,,,FD Elec_CS F519,,,,FD Elec_CS F425,,FD CDC_CS F222,,,,,,HD CDC_CS G525,,,,,,,,FD Elec_CS F444,,,HD Elec_CS G612,,FD Elec_CS F401,FD Elec_CS F424,FD Elec_CS F317,FD Elec_CS F519,,HD Elec_CS G523,,,FD Elec_CS F316,,,,,,HD Elec_CS G553,HD Elec_CS G516,,,,,,,,,,,,,,
,,,,,,,,,,HD Elec_CS G523,,,,,,,,,,,,,,,,,,,,,,FD CDC_CS F372,,,,,,,,,,,,,,,,,,,,,,,,,,,,
,,,,,,,,,,,,,,,,,,,,,,,,,,,,,,,,,,,,,,,,,,,,,,,,,,,,,,,,,,,,
5190.0,FD CDC_CS F301,FD CDC_CS F351,FD Elec_CS F402,HD Elec_CS G568,HD Elec_CS G541,FD Elec_CS F433,HD Elec_CS G541,FD Elec_CS F429,FD Elec_CS F314,HD Elec_CS G523,HD CDC_CS G525,FD CDC_CS F214,FD CDC_CS F372,FD Elec_CS F469,FD CDC_CS F342,FD Elec_CS F441,HD CDC_CS G623,FD Elec_CS F468,HD Elec_CS G518,HD CDC_CS G526,FD Elec_CS F432,HD Elec_CS G568,FD CDC_CS F214,FD Elec_CS F430,FD CDC_CS F301,FD Elec_CS F444,FD Elec_CS F314,FD CDC_CS F351,HD Elec_CS G612,FD Elec_CS F446,FD Elec_CS F401,FD Elec_CS F424,FD Elec_CS F427,FD Elec_CS F433,HD Elec_CS G551,HD Elec_CS G523,FD Elec_CS F431,FD CDC_CS F222,FD Elec_CS F446,FD Elec_CS F407,FD Elec_CS F431,FD Elec_CS F469,FD Elec_CS F407,HD Elec_CS G551,FD Elec_CS F402,HD Elec_CS G516,FD Elec_CS F519,HD Elec_CS G516,FD Elec_CS F316,FD CDC_CS F215,FD Elec_CS F430,FD Elec_CS F444,FD Elec_CS F432,FD Elec_CS F317,FD CDC_CS F342,FD CDC_CS F213,FD CDC_CS F213,FD CDC_CS F215,HD Elec_CS G518,FD Elec_CS F468
,,,HD Elec_CS G553,,,FD Elec_CS F519,,,,FD Elec_CS F424,,HD CDC_CS G525,,,HD CDC_CS G623,FD Elec_CS F441,,,,,,,,,,FD CDC_CS F372,,,HD Elec_CS G612,,FD Elec_CS F429,FD Elec_CS F425,FD Elec_CS F317,FD CDC_CS F222,,HD CDC_CS G526,,,FD Elec_CS F316,,,,,,HD Elec_CS G553,,,,,,,,FD Elec_CS F401,FD Elec_CS F427,,,,,,
,,,,,,,,,,FD Elec_CS F425,,,,,,,,,,,,,,,,,,,,,,,,,,,,,,,,,,,,,,,,,,,,,,,,,,
,,,,,,,,,,,,,,,,,,,,,,,,,,,,,,,,,,,,,,,,,,,,,,,,,,,,,,,,,,,,
5220.0,FD CDC_CS F301,FD Elec_CS F431,FD Elec_CS F402,HD Elec_CS G568,FD Elec_CS F431,FD Elec_CS F433,HD Elec_CS G541,HD Elec_CS G516,FD CDC_CS F215,FD Elec_CS F425,FD CDC_CS F372,FD CDC_CS F222,HD CDC_CS G623,FD Elec_CS F469,FD Elec_CS F314,FD CDC_CS F215,HD CDC_CS G623,FD Elec_CS F468,HD Elec_CS G518,FD Elec_CS F314,FD Elec_CS F432,HD Elec_CS G568,FD CDC_CS F214,FD Elec_CS F430,FD CDC_CS F301,FD Elec_CS F444,HD CDC_CS G526,FD CDC_CS F351,HD Elec_CS G612,FD Elec_CS F317,FD Elec_CS F429,FD Elec_CS F424,FD Elec_CS F427,FD Elec_CS F433,FD Elec_CS F519,FD Elec_CS F441,FD CDC_CS F342,FD CDC_CS F222,FD Elec_CS F446,FD Elec_CS F407,HD Elec_CS G551,FD Elec_CS F469,FD Elec_CS F407,FD Elec_CS F468,FD Elec_CS F402,FD CDC_CS F213,FD Elec_CS F441,HD Elec_CS G516,FD Elec_CS F316,HD CDC_CS G525,FD Elec_CS F430,FD Elec_CS F444,FD Elec_CS F432,FD Elec_CS F427,FD CDC_CS F342,HD Elec_CS G551,HD CDC_CS G526,FD Elec_CS F401,HD Elec_CS G518,FD Elec_CS F429
,,FD CDC_CS F213,HD Elec_CS G553,,,FD CDC_CS F351,,,,FD Elec_CS F424,FD Elec_CS F446,HD CDC_CS G525,,,FD CDC_CS F214,,,,,,,,,,,HD Elec_CS G541,,,HD Elec_CS G612,,FD CDC_CS F372,HD Elec_CS G523,FD Elec_CS F317,FD Elec_CS F519,,,,,FD Elec_CS F316,,,,,,HD Elec_CS G553,,,,,,,,FD Elec_CS F401,,,,,,,
,,,,,,,,,,FD Elec_CS F425,,,,,,,,,,,,,,,,,,,,,,HD Elec_CS G523,,,,,,,,,,,,,,,,,,,,,,,,,,,,
,,,,,,,,,,,,,,,,,,,,,,,,,,,,,,,,,,,,,,,,,,,,,,,,,,,,,,,,,,,,
5340.0,FD CDC_CS F301,FD Elec_CS F431,FD Elec_CS F402,HD Elec_CS G568,FD Elec_CS F431,FD CDC_CS F214,HD Elec_CS G541,HD Elec_CS G516,FD CDC_CS F215,HD Elec_CS G523,FD CDC_CS F372,FD CDC_CS F222,FD Elec_CS F314,FD Elec_CS F469,FD CDC_CS F372,FD Elec_CS F441,HD CDC_CS G623,FD Elec_CS F468,HD Elec_CS G518,FD Elec_CS F314,FD Elec_CS F432,HD Elec_CS G568,FD CDC_CS F214,FD Elec_CS F430,FD CDC_CS F301,FD Elec_CS F444,HD CDC_CS G526,FD CDC_CS F351,HD Elec_CS G612,FD Elec_CS F317,FD Elec_CS F429,FD Elec_CS F424,FD Elec_CS F427,FD Elec_CS F433,FD Elec_CS F519,FD CDC_CS F213,HD CDC_CS G526,FD CDC_CS F222,FD Elec_CS F446,FD Elec_CS F407,HD Elec_CS G551,FD Elec_CS F469,FD Elec_CS F407,FD Elec_CS F468,FD Elec_CS F402,FD Elec_CS F433,FD Elec_CS F441,HD Elec_CS G516,FD Elec_CS F316,HD CDC_CS G525,FD Elec_CS F430,FD Elec_CS F444,FD Elec_CS F432,FD Elec_CS F427,FD CDC_CS F342,HD Elec_CS G551,HD CDC_CS G623,FD Elec_CS F401,HD Elec_CS G518,FD Elec_CS F429
,,FD CDC_CS F213,HD Elec_CS G553,,,FD CDC_CS F351,,,,FD Elec_CS F424,FD Elec_CS F446,HD CDC_CS G525,,,,FD CDC_CS F215,,,,,,,,,,HD Elec_CS G541,,,HD Elec_CS G612,,FD CDC_CS F342,FD Elec_CS F425,FD Elec_CS F317,FD Elec_CS F519,,,,,FD Elec_CS F316,,,,,,HD Elec_CS G553,,,,,,,,FD Elec_CS F401,,,,,,,
,,,,,,,,,,FD Elec_CS F425,,,,,,,,,,,,,,,,,,,,,,HD Elec_CS G523,,,,,,,,,,,,,,,,,,,,,,,,,,,,
,,,,,,,,,,,,,,,,,,,,,,,,,,,,,,,,,,,,,,,,,,,,,,,,,,,,,,,,,,,,
5430.0,FD CDC_CS F301,FD CDC_CS F213,FD Elec_CS F402,HD Elec_CS G568,FD Elec_CS F431,FD Elec_CS F519,HD Elec_CS G541,HD Elec_CS G516,HD Elec_CS G551,FD Elec_CS F425,FD CDC_CS F372,FD CDC_CS F215,FD Elec_CS F314,FD Elec_CS F469,FD CDC_CS F213,FD Elec_CS F441,HD CDC_CS G623,FD Elec_CS F468,HD Elec_CS G518,FD Elec_CS F314,FD Elec_CS F432,HD Elec_CS G568,FD CDC_CS F214,FD Elec_CS F430,FD CDC_CS F301,FD Elec_CS F444,HD CDC_CS G526,FD CDC_CS F351,HD Elec_CS G612,HD CDC_CS G525,FD Elec_CS F429,FD Elec_CS F424,FD Elec_CS F427,FD Elec_CS F433,FD CDC_CS F215,FD CDC_CS F222,HD CDC_CS G526,FD CDC_CS F222,FD Elec_CS F446,FD Elec_CS F407,FD Elec_CS F431,FD Elec_CS F469,FD Elec_CS F407,FD Elec_CS F468,FD Elec_CS F402,FD Elec_CS F433,FD Elec_CS F441,HD Elec_CS G516,FD Elec_CS F316,HD CDC_CS G525,FD Elec_CS F430,FD Elec_CS F444,FD Elec_CS F432,FD Elec_CS F317,FD CDC_CS F342,HD Elec_CS G551,HD CDC_CS G623,FD Elec_CS F401,HD Elec_CS G518,FD Elec_CS F429
,,FD CDC_CS F372,HD Elec_CS G553,,,FD CDC_CS F351,,,,FD Elec_CS F424,FD Elec_CS F446,,,,,,,,,,,,,,,HD Elec_CS G541,,,HD Elec_CS G612,,FD CDC_CS F342,HD Elec_CS G523,FD Elec_CS F317,FD Elec_CS F519,,,,,FD Elec_CS F316,,,,,,HD Elec_CS G553,FD CDC_CS F214,,,,,,,FD Elec_CS F401,FD Elec_CS F427,,,,,,
,,,,,,,,,,FD Elec_CS F425,,,,,,,,,,,,,,,,,,,,,,HD Elec_CS G523,,,,,,,,,,,,,,,,,,,,,,,,,,,,
,,,,,,,,,,,,,,,,,,,,,,,,,,,,,,,,,,,,,,,,,,,,,,,,,,,,,,,,,,,,
5490.0,FD CDC_CS F301,FD CDC_CS F213,FD Elec_CS F402,HD Elec_CS G568,FD Elec_CS F431,FD Elec_CS F519,HD Elec_CS G541,HD Elec_CS G516,HD Elec_CS G551,FD Elec_CS F425,FD CDC_CS F372,FD CDC_CS F215,FD Elec_CS F314,FD Elec_CS F469,FD CDC_CS F213,FD Elec_CS F441,HD CDC_CS G623,FD Elec_CS F468,HD Elec_CS G518,FD Elec_CS F314,FD Elec_CS F432,HD Elec_CS G568,FD CDC_CS F214,FD Elec_CS F430,FD CDC_CS F301,FD Elec_CS F444,HD CDC_CS G526,FD CDC_CS F351,HD Elec_CS G612,HD CDC_CS G525,FD Elec_CS F401,FD Elec_CS F424,FD Elec_CS F427,FD Elec_CS F433,FD CDC_CS F215,FD CDC_CS F222,HD CDC_CS G526,FD CDC_CS F222,FD Elec_CS F446,FD Elec_CS F407,FD Elec_CS F431,FD Elec_CS F469,FD Elec_CS F407,FD Elec_CS F468,FD Elec_CS F402,FD Elec_CS F433,FD Elec_CS F441,HD Elec_CS G516,FD Elec_CS F316,HD CDC_CS G525,FD Elec_CS F430,FD Elec_CS F444,FD Elec_CS F432,FD Elec_CS F317,FD CDC_CS F342,HD Elec_CS G551,HD CDC_CS G623,HD Elec_CS G518,FD CDC_CS F342,FD Elec_CS F429
,,FD CDC_CS F372,HD Elec_CS G553,,,FD CDC_CS F351,,,,FD Elec_CS F424,FD Elec_CS F446,,,,,,,,,,,,,,,HD Elec_CS G541,,,HD Elec_CS G612,,FD Elec_CS F429,HD Elec_CS G523,FD Elec_CS F317,FD Elec_CS F519,,,,,FD Elec_CS F316,,,,,,HD Elec_CS G553,FD CDC_CS F214,,,,,,,FD Elec_CS F401,FD Elec_CS F427,,,,,,
,,,,,,,,,,FD Elec_CS F425,,,,,,,,,,,,,,,,,,,,,,HD Elec_CS G523,,,,,,,,,,,,,,,,,,,,,,,,,,,,
,,,,,,,,,,,,,,,,,,,,,,,,,,,,,,,,,,,,,,,,,,,,,,,,,,,,,,,,,,,,
5520.0,FD CDC_CS F301,FD CDC_CS F213,FD Elec_CS F402,HD Elec_CS G568,FD CDC_CS F351,FD Elec_CS F519,HD Elec_CS G541,HD Elec_CS G516,HD Elec_CS G551,FD Elec_CS F425,FD CDC_CS F372,FD CDC_CS F215,FD Elec_CS F314,FD Elec_CS F469,FD CDC_CS F213,FD Elec_CS F441,HD CDC_CS G623,FD Elec_CS F468,HD Elec_CS G518,FD Elec_CS F314,FD Elec_CS F432,HD Elec_CS G568,FD CDC_CS F214,FD Elec_CS F430,FD CDC_CS F301,FD Elec_CS F444,HD CDC_CS G526,FD CDC_CS F351,HD Elec_CS G612,HD CDC_CS G525,FD Elec_CS F401,FD Elec_CS F424,FD Elec_CS F427,FD Elec_CS F433,FD CDC_CS F215,FD CDC_CS F222,HD CDC_CS G526,FD CDC_CS F222,FD Elec_CS F446,FD Elec_CS F407,FD Elec_CS F431,FD Elec_CS F469,FD Elec_CS F407,FD Elec_CS F468,FD Elec_CS F402,FD Elec_CS F433,FD Elec_CS F441,HD Elec_CS G516,FD Elec_CS F316,HD CDC_CS G525,FD Elec_CS F430,FD Elec_CS F444,FD Elec_CS F432,FD Elec_CS F317,FD CDC_CS F342,HD Elec_CS G551,HD CDC_CS G623,FD Elec_CS F431,HD Elec_CS G518,FD Elec_CS F429
,,FD CDC_CS F372,HD Elec_CS G553,,,,,,,FD Elec_CS F424,FD Elec_CS F446,,,,,,,,,,,,,,,HD Elec_CS G541,,,HD Elec_CS G612,,FD Elec_CS F429,HD Elec_CS G523,FD Elec_CS F317,FD Elec_CS F519,,,,,FD Elec_CS F316,,,,,,HD Elec_CS G553,FD CDC_CS F214,,,,,,,FD Elec_CS F401,FD Elec_CS F427,,,,,FD CDC_CS F342,
,,,,,,,,,,FD Elec_CS F425,,,,,,,,,,,,,,,,,,,,,,HD Elec_CS G523,,,,,,,,,,,,,,,,,,,,,,,,,,,,
,,,,,,,,,,,,,,,,,,,,,,,,,,,,,,,,,,,,,,,,,,,,,,,,,,,,,,,,,,,,
5610.0,FD CDC_CS F301,FD CDC_CS F213,FD Elec_CS F402,HD Elec_CS G568,FD CDC_CS F351,FD Elec_CS F519,HD Elec_CS G541,HD Elec_CS G516,HD Elec_CS G551,FD Elec_CS F425,FD CDC_CS F372,FD CDC_CS F215,FD Elec_CS F314,FD Elec_CS F469,FD CDC_CS F213,FD Elec_CS F441,HD CDC_CS G623,FD Elec_CS F468,HD Elec_CS G518,FD Elec_CS F314,FD Elec_CS F432,HD Elec_CS G568,FD CDC_CS F214,FD Elec_CS F430,FD CDC_CS F301,FD Elec_CS F316,HD CDC_CS G526,FD CDC_CS F351,HD Elec_CS G612,HD CDC_CS G525,FD Elec_CS F401,FD Elec_CS F424,FD Elec_CS F427,FD Elec_CS F433,FD CDC_CS F215,FD CDC_CS F222,HD CDC_CS G526,FD CDC_CS F222,FD Elec_CS F446,FD Elec_CS F407,FD Elec_CS F431,FD Elec_CS F469,FD Elec_CS F407,FD Elec_CS F468,FD Elec_CS F402,FD Elec_CS F433,FD Elec_CS F441,HD Elec_CS G516,FD Elec_CS F444,HD CDC_CS G525,FD Elec_CS F430,FD Elec_CS F444,FD Elec_CS F432,FD Elec_CS F317,FD CDC_CS F342,HD Elec_CS G551,HD CDC_CS G623,FD Elec_CS F431,HD Elec_CS G518,FD Elec_CS F429
,,FD CDC_CS F372,HD Elec_CS G553,,,,,,,FD Elec_CS F424,FD Elec_CS F446,,,,,,,,,,,,,,,HD Elec_CS G541,,,HD Elec_CS G612,,FD Elec_CS F429,HD Elec_CS G523,FD Elec_CS F317,FD Elec_CS F519,,,,,FD Elec_CS F316,,,,,,HD Elec_CS G553,FD CDC_CS F214,,,,,,,FD Elec_CS F401,FD Elec_CS F427,,,,,FD CDC_CS F342,
,,,,,,,,,,FD Elec_CS F425,,,,,,,,,,,,,,,,,,,,,,HD Elec_CS G523,,,,,,,,,,,,,,,,,,,,,,,,,,,,
,,,,,,,,,,,,,,,,,,,,,,,,,,,,,,,,,,,,,,,,,,,,,,,,,,,,,,,,,,,,
5640.0,FD CDC_CS F301,FD CDC_CS F213,FD Elec_CS F402,HD Elec_CS G568,FD CDC_CS F351,FD Elec_CS F519,HD Elec_CS G541,HD Elec_CS G516,HD Elec_CS G551,FD Elec_CS F425,FD CDC_CS F372,FD CDC_CS F215,FD Elec_CS F314,FD Elec_CS F469,FD CDC_CS F213,FD Elec_CS F441,HD CDC_CS G623,FD Elec_CS F468,HD Elec_CS G518,FD Elec_CS F314,FD Elec_CS F432,HD Elec_CS G568,FD CDC_CS F214,FD Elec_CS F430,FD CDC_CS F301,FD Elec_CS F316,HD CDC_CS G526,FD CDC_CS F351,HD Elec_CS G612,HD CDC_CS G525,FD Elec_CS F429,FD Elec_CS F424,FD Elec_CS F427,FD Elec_CS F433,FD CDC_CS F215,FD CDC_CS F222,HD CDC_CS G526,FD CDC_CS F222,FD Elec_CS F446,FD Elec_CS F407,FD Elec_CS F431,FD Elec_CS F469,FD Elec_CS F407,FD Elec_CS F468,FD Elec_CS F402,FD Elec_CS F433,FD Elec_CS F431,HD Elec_CS G516,FD Elec_CS F444,HD CDC_CS G525,FD Elec_CS F430,FD Elec_CS F444,FD Elec_CS F432,FD Elec_CS F317,FD CDC_CS F342,HD Elec_CS G551,HD CDC_CS G623,FD Elec_CS F401,HD Elec_CS G518,FD Elec_CS F429
,,FD CDC_CS F372,HD Elec_CS G553,,,,,,,FD Elec_CS F424,FD Elec_CS F446,,,,,FD Elec_CS F441,,,,,,,,,,HD Elec_CS G541,,,HD Elec_CS G612,,,HD Elec_CS G523,FD Elec_CS F317,FD Elec_CS F519,,,,,FD Elec_CS F316,,,,,,HD Elec_CS G553,FD CDC_CS F214,,,,,,,FD Elec_CS F401,FD Elec_CS F427,,,,,FD CDC_CS F342,
,,,,,,,,,,FD Elec_CS F425,,,,,,,,,,,,,,,,,,,,,,HD Elec_CS G523,,,,,,,,,,,,,,,,,,,,,,,,,,,,
,,,,,,,,,,,,,,,,,,,,,,,,,,,,,,,,,,,,,,,,,,,,,,,,,,,,,,,,,,,,
5700.0,FD CDC_CS F301,FD CDC_CS F213,FD Elec_CS F402,HD Elec_CS G568,FD CDC_CS F351,FD Elec_CS F519,HD Elec_CS G541,HD Elec_CS G516,HD Elec_CS G551,FD Elec_CS F425,FD CDC_CS F372,FD CDC_CS F215,FD Elec_CS F314,FD Elec_CS F469,FD CDC_CS F213,FD Elec_CS F441,HD CDC_CS G623,FD Elec_CS F468,HD Elec_CS G518,FD Elec_CS F314,FD Elec_CS F432,HD Elec_CS G568,FD CDC_CS F214,FD Elec_CS F430,FD CDC_CS F301,FD Elec_CS F316,HD CDC_CS G526,FD CDC_CS F351,HD Elec_CS G612,HD CDC_CS G525,FD Elec_CS F401,FD Elec_CS F424,FD Elec_CS F427,FD Elec_CS F433,FD CDC_CS F215,FD CDC_CS F222,HD CDC_CS G526,FD CDC_CS F222,FD Elec_CS F446,FD Elec_CS F407,FD Elec_CS F431,FD Elec_CS F469,FD Elec_CS F407,FD Elec_CS F468,FD Elec_CS F402,FD Elec_CS F433,FD Elec_CS F431,HD Elec_CS G516,FD Elec_CS F444,HD CDC_CS G525,FD Elec_CS F430,FD Elec_CS F444,FD Elec_CS F432,FD Elec_CS F317,FD CDC_CS F342,HD Elec_CS G551,HD CDC_CS G623,HD Elec_CS G518,FD CDC_CS F342,FD Elec_CS F429
,,FD CDC_CS F372,HD Elec_CS G553,,,,,,,FD Elec_CS F424,FD Elec_CS F446,,,,,FD Elec_CS F441,,,,,,,,,,HD Elec_CS G541,,,HD Elec_CS G612,,FD Elec_CS F429,HD Elec_CS G523,FD Elec_CS F317,FD Elec_CS F519,,,,,FD Elec_CS F316,,,,,,HD Elec_CS G553,FD CDC_CS F214,,,,,,,FD Elec_CS F401,FD Elec_CS F427,,,,,,
,,,,,,,,,,FD Elec_CS F425,,,,,,,,,,,,,,,,,,,,,,HD Elec_CS G523,,,,,,,,,,,,,,,,,,,,,,,,,,,,
,,,,,,,,,,,,,,,,,,,,,,,,,,,,,,,,,,,,,,,,,,,,,,,,,,,,,,,,,,,,
5730.0,FD CDC_CS F301,FD CDC_CS F213,FD Elec_CS F402,HD Elec_CS G568,FD CDC_CS F342,FD Elec_CS F519,HD Elec_CS G541,HD Elec_CS G516,HD Elec_CS G551,FD Elec_CS F425,FD CDC_CS F372,FD CDC_CS F215,FD Elec_CS F314,FD Elec_CS F469,FD CDC_CS F213,FD Elec_CS F441,HD CDC_CS G623,FD Elec_CS F468,HD Elec_CS G518,FD Elec_CS F314,FD Elec_CS F432,HD Elec_CS G568,FD CDC_CS F214,FD Elec_CS F430,FD CDC_CS F301,FD Elec_CS F316,HD CDC_CS G526,FD CDC_CS F351,HD Elec_CS G612,HD CDC_CS G525,FD Elec_CS F401,FD Elec_CS F424,FD Elec_CS F427,FD Elec_CS F433,FD CDC_CS F215,FD CDC_CS F222,HD CDC_CS G526,FD CDC_CS F222,FD Elec_CS F446,FD Elec_CS F407,FD Elec_CS F431,FD Elec_CS F469,FD Elec_CS F407,FD Elec_CS F468,FD Elec_CS F402,FD Elec_CS F433,FD Elec_CS F431,HD Elec_CS G516,FD Elec_CS F444,HD CDC_CS G525,FD Elec_CS F430,FD Elec_CS F444,FD Elec_CS F432,FD Elec_CS F317,FD CDC_CS F342,HD Elec_CS G551,HD CDC_CS G623,FD CDC_CS F351,HD Elec_CS G518,FD Elec_CS F429
,,FD CDC_CS F372,HD Elec_CS G553,,,,,,,FD Elec_CS F424,FD Elec_CS F446,,,,,FD Elec_CS F441,,,,,,,,,,HD Elec_CS G541,,,HD Elec_CS G612,,FD Elec_CS F429,HD Elec_CS G523,FD Elec_CS F317,FD Elec_CS F519,,,,,FD Elec_CS F316,,,,,,HD Elec_CS G553,FD CDC_CS F214,,,,,,,FD Elec_CS F401,FD Elec_CS F427,,,,,,
,,,,,,,,,,FD Elec_CS F425,,,,,,,,,,,,,,,,,,,,,,HD Elec_CS G523,,,,,,,,,,,,,,,,,,,,,,,,,,,,
,,,,,,,,,,,,,,,,,,,,,,,,,,,,,,,,,,,,,,,,,,,,,,,,,,,,,,,,,,,,
5820.0,FD CDC_CS F301,FD CDC_CS F213,FD Elec_CS F402,HD Elec_CS G568,FD CDC_CS F342,FD Elec_CS F519,HD Elec_CS G541,HD Elec_CS G516,HD Elec_CS G551,FD Elec_CS F425,FD CDC_CS F372,FD CDC_CS F215,FD Elec_CS F314,FD Elec_CS F469,FD CDC_CS F213,FD Elec_CS F441,HD CDC_CS G623,FD Elec_CS F468,HD Elec_CS G518,FD Elec_CS F314,FD Elec_CS F432,HD Elec_CS G568,FD CDC_CS F214,FD Elec_CS F430,FD CDC_CS F301,FD Elec_CS F316,HD CDC_CS G526,FD CDC_CS F351,HD Elec_CS G612,HD CDC_CS G525,FD Elec_CS F401,FD Elec_CS F424,FD Elec_CS F427,FD Elec_CS F433,FD CDC_CS F215,FD CDC_CS F222,HD CDC_CS G526,FD CDC_CS F222,FD Elec_CS F446,FD Elec_CS F407,FD Elec_CS F431,FD Elec_CS F469,FD Elec_CS F407,FD Elec_CS F468,FD Elec_CS F402,FD Elec_CS F433,FD Elec_CS F431,HD Elec_CS G516,FD Elec_CS F444,HD CDC_CS G525,FD Elec_CS F430,FD Elec_CS F444,FD Elec_CS F432,FD Elec_CS F317,FD CDC_CS F342,HD Elec_CS G551,HD CDC_CS G623,FD CDC_CS F351,HD Elec_CS G518,FD Elec_CS F429
,,FD CDC_CS F372,HD Elec_CS G553,,,,HD Elec_CS G541,,,FD Elec_CS F424,FD Elec_CS F446,,,,,FD Elec_CS F441,,,,,,,,,,HD Elec_CS G523,,,HD Elec_CS G612,,FD Elec_CS F429,HD Elec_CS G523,FD Elec_CS F317,FD Elec_CS F519,,,,,FD Elec_CS F316,,,,,,HD Elec_CS G553,FD CDC_CS F214,,,,,,,FD Elec_CS F401,FD Elec_CS F427,,,,,,
,,,,,,,,,,FD Elec_CS F425,,,,,,,,,,,,,,,,,,,,,,,,,,,,,,,,,,,,,,,,,,,,,,,,,,
,,,,,,,,,,,,,,,,,,,,,,,,,,,,,,,,,,,,,,,,,,,,,,,,,,,,,,,,,,,,
5850.0,FD CDC_CS F301,FD CDC_CS F213,FD Elec_CS F402,HD Elec_CS G568,FD CDC_CS F342,FD Elec_CS F519,HD Elec_CS G541,HD Elec_CS G516,HD Elec_CS G551,FD Elec_CS F425,FD CDC_CS F372,FD CDC_CS F215,FD Elec_CS F314,FD Elec_CS F469,FD CDC_CS F213,FD Elec_CS F441,HD CDC_CS G623,FD Elec_CS F468,HD Elec_CS G518,FD Elec_CS F314,FD Elec_CS F432,HD Elec_CS G568,FD CDC_CS F214,FD Elec_CS F430,FD CDC_CS F301,FD Elec_CS F316,HD CDC_CS G526,FD CDC_CS F351,HD Elec_CS G612,HD CDC_CS G525,FD Elec_CS F401,FD Elec_CS F424,FD Elec_CS F427,FD Elec_CS F433,FD CDC_CS F215,FD CDC_CS F222,HD CDC_CS G526,FD CDC_CS F222,FD Elec_CS F446,FD Elec_CS F407,FD Elec_CS F431,FD Elec_CS F469,FD Elec_CS F407,FD Elec_CS F468,FD Elec_CS F402,FD Elec_CS F433,FD Elec_CS F431,HD Elec_CS G516,FD Elec_CS F444,HD CDC_CS G525,FD Elec_CS F430,FD Elec_CS F444,FD Elec_CS F432,FD Elec_CS F317,FD CDC_CS F342,HD Elec_CS G551,HD CDC_CS G623,FD CDC_CS F351,HD Elec_CS G518,FD Elec_CS F429
,,FD CDC_CS F372,HD Elec_CS G553,,,,HD Elec_CS G541,,,FD Elec_CS F424,FD Elec_CS F446,,,,,FD Elec_CS F441,,,,,,,,,,,,,HD Elec_CS G612,,FD Elec_CS F429,HD Elec_CS G523,FD Elec_CS F317,FD Elec_CS F519,,,,,FD Elec_CS F316,,,,,,HD Elec_CS G553,FD CDC_CS F214,,,,,,HD Elec_CS G523,FD Elec_CS F401,FD Elec_CS F427,,,,,,
,,,,,,,,,,FD Elec_CS F425,,,,,,,,,,,,,,,,,,,,,,,,,,,,,,,,,,,,,,,,,,,,,,,,,,
,,,,,,,,,,,,,,,,,,,,,,,,,,,,,,,,,,,,,,,,,,,,,,,,,,,,,,,,,,,,
5880.0,FD CDC_CS F301,FD CDC_CS F213,FD Elec_CS F402,HD Elec_CS G568,FD CDC_CS F342,FD Elec_CS F519,HD Elec_CS G541,HD Elec_CS G516,HD Elec_CS G551,FD Elec_CS F425,FD CDC_CS F372,FD CDC_CS F215,FD Elec_CS F314,FD Elec_CS F469,FD CDC_CS F213,FD Elec_CS F441,HD CDC_CS G623,FD Elec_CS F468,HD Elec_CS G518,FD Elec_CS F314,FD Elec_CS F432,HD Elec_CS G568,FD CDC_CS F214,FD Elec_CS F430,FD CDC_CS F301,FD Elec_CS F316,HD CDC_CS G526,FD CDC_CS F351,HD Elec_CS G612,HD CDC_CS G525,FD Elec_CS F429,FD Elec_CS F424,FD Elec_CS F427,FD Elec_CS F433,FD CDC_CS F215,FD CDC_CS F222,HD CDC_CS G526,FD CDC_CS F222,FD Elec_CS F446,FD Elec_CS F407,FD Elec_CS F431,FD Elec_CS F469,FD Elec_CS F407,FD Elec_CS F468,FD Elec_CS F402,FD Elec_CS F433,FD CDC_CS F351,HD Elec_CS G516,FD Elec_CS F444,HD CDC_CS G525,FD Elec_CS F430,FD Elec_CS F444,FD Elec_CS F401,FD Elec_CS F317,FD CDC_CS F342,HD Elec_CS G551,HD CDC_CS G623,HD Elec_CS G518,FD Elec_CS F432,FD Elec_CS F429
,,FD CDC_CS F372,HD Elec_CS G553,,,,HD Elec_CS G541,,,FD Elec_CS F424,FD Elec_CS F446,,,,,FD Elec_CS F441,,,,,,,,,,,,,HD Elec_CS G612,,HD Elec_CS G553,HD Elec_CS G523,FD Elec_CS F317,FD Elec_CS F519,,,,,FD Elec_CS F316,,,,,,FD Elec_CS F431,FD CDC_CS F214,,,,,,HD Elec_CS G523,FD Elec_CS F401,FD Elec_CS F427,,,,,,
,,,,,,,,,,FD Elec_CS F425,,,,,,,,,,,,,,,,,,,,,,,,,,,,,,,,,,,,,,,,,,,,,,,,,,
,,,,,,,,,,,,,,,,,,,,,,,,,,,,,,,,,,,,,,,,,,,,,,,,,,,,,,,,,,,,
5910.0,FD CDC_CS F301,FD CDC_CS F213,FD Elec_CS F402,HD Elec_CS G568,FD CDC_CS F214,FD Elec_CS F519,HD Elec_CS G541,HD Elec_CS G516,HD Elec_CS G551,FD Elec_CS F425,FD CDC_CS F372,FD CDC_CS F215,FD Elec_CS F314,FD Elec_CS F469,FD CDC_CS F213,FD Elec_CS F441,HD CDC_CS G623,FD Elec_CS F468,HD Elec_CS G518,FD Elec_CS F314,FD Elec_CS F432,HD Elec_CS G568,FD CDC_CS F214,FD Elec_CS F430,FD CDC_CS F301,FD Elec_CS F316,HD CDC_CS G526,FD CDC_CS F351,HD Elec_CS G612,HD CDC_CS G525,FD Elec_CS F429,FD Elec_CS F424,FD Elec_CS F427,FD Elec_CS F433,FD CDC_CS F215,FD CDC_CS F222,HD CDC_CS G526,FD CDC_CS F222,FD Elec_CS F446,FD Elec_CS F407,FD Elec_CS F431,FD Elec_CS F469,FD Elec_CS F407,FD Elec_CS F468,FD Elec_CS F402,FD Elec_CS F433,FD CDC_CS F351,HD Elec_CS G516,FD Elec_CS F444,HD CDC_CS G525,FD Elec_CS F430,FD Elec_CS F444,FD Elec_CS F401,FD Elec_CS F317,FD CDC_CS F342,HD Elec_CS G551,HD CDC_CS G623,FD CDC_CS F342,FD Elec_CS F432,FD Elec_CS F429
,,FD CDC_CS F372,HD Elec_CS G553,,,,HD Elec_CS G541,,,FD Elec_CS F424,FD Elec_CS F446,,,,,FD Elec_CS F441,,,,,,,,,,,,,HD Elec_CS G612,,HD Elec_CS G553,HD Elec_CS G518,FD Elec_CS F317,FD Elec_CS F519,,,,,FD Elec_CS F316,,,,,,FD Elec_CS F431,,,,,,,HD Elec_CS G523,FD Elec_CS F401,FD Elec_CS F427,,,,,,
,,,,,,,,,,FD Elec_CS F425,,,,,,,,,,,,,,,,,,,,,,HD Elec_CS G523,,,,,,,,,,,,,,,,,,,,,,,,,,,,
,,,,,,,,,,,,,,,,,,,,,,,,,,,,,,,,,,,,,,,,,,,,,,,,,,,,,,,,,,,,
6000.0,FD CDC_CS F301,FD CDC_CS F213,FD Elec_CS F402,HD Elec_CS G568,FD CDC_CS F214,FD Elec_CS F519,HD Elec_CS G541,HD Elec_CS G516,HD Elec_CS G551,FD Elec_CS F425,FD CDC_CS F372,FD CDC_CS F215,FD Elec_CS F314,FD Elec_CS F469,FD CDC_CS F213,FD Elec_CS F441,HD CDC_CS G623,FD Elec_CS F468,HD Elec_CS G518,FD Elec_CS F314,FD Elec_CS F432,HD Elec_CS G568,FD CDC_CS F214,FD Elec_CS F430,FD CDC_CS F301,FD Elec_CS F316,HD CDC_CS G526,FD CDC_CS F351,HD Elec_CS G612,HD CDC_CS G525,FD Elec_CS F429,FD Elec_CS F424,FD Elec_CS F427,FD Elec_CS F433,FD CDC_CS F215,FD CDC_CS F222,HD CDC_CS G526,FD CDC_CS F222,FD Elec_CS F446,FD Elec_CS F407,FD Elec_CS F431,FD Elec_CS F469,FD Elec_CS F407,FD Elec_CS F468,FD Elec_CS F402,FD Elec_CS F433,FD CDC_CS F351,HD Elec_CS G516,FD Elec_CS F444,HD CDC_CS G525,FD Elec_CS F430,FD Elec_CS F444,FD Elec_CS F401,FD Elec_CS F317,FD CDC_CS F342,HD Elec_CS G551,HD CDC_CS G623,FD CDC_CS F342,FD Elec_CS F432,FD Elec_CS F429
,,FD CDC_CS F372,HD Elec_CS G553,,,,HD Elec_CS G541,,,FD Elec_CS F424,FD Elec_CS F446,,,,,FD Elec_CS F441,,,,,,,,,,HD Elec_CS G523,,,HD Elec_CS G612,,HD Elec_CS G553,HD Elec_CS G518,FD Elec_CS F317,FD Elec_CS F519,,,,,FD Elec_CS F316,,,,,,FD Elec_CS F431,,,,,,,HD Elec_CS G523,FD Elec_CS F401,FD Elec_CS F427,,,,,,
,,,,,,,,,,FD Elec_CS F425,,,,,,,,,,,,,,,,,,,,,,,,,,,,,,,,,,,,,,,,,,,,,,,,,,
,,,,,,,,,,,,,,,,,,,,,,,,,,,,,,,,,,,,,,,,,,,,,,,,,,,,,,,,,,,,
6030.0,FD CDC_CS F301,FD CDC_CS F213,FD Elec_CS F402,HD Elec_CS G568,FD CDC_CS F214,FD Elec_CS F519,HD Elec_CS G541,HD Elec_CS G516,HD Elec_CS G551,FD Elec_CS F425,FD CDC_CS F372,FD CDC_CS F215,FD Elec_CS F314,FD Elec_CS F469,FD CDC_CS F213,FD Elec_CS F441,HD CDC_CS G623,FD Elec_CS F468,HD Elec_CS G518,FD Elec_CS F314,FD Elec_CS F432,HD Elec_CS G568,FD CDC_CS F214,FD Elec_CS F430,FD CDC_CS F301,FD Elec_CS F316,HD CDC_CS G526,FD CDC_CS F351,HD Elec_CS G612,HD CDC_CS G525,FD Elec_CS F429,FD Elec_CS F424,FD Elec_CS F427,FD Elec_CS F433,FD CDC_CS F215,FD CDC_CS F222,HD CDC_CS G526,FD CDC_CS F222,FD Elec_CS F446,FD Elec_CS F407,FD Elec_CS F431,FD Elec_CS F469,FD Elec_CS F407,FD Elec_CS F468,FD Elec_CS F402,FD Elec_CS F433,FD CDC_CS F351,HD Elec_CS G516,FD Elec_CS F444,HD CDC_CS G525,FD Elec_CS F430,HD Elec_CS G523,FD Elec_CS F401,FD Elec_CS F317,FD CDC_CS F342,HD Elec_CS G551,HD CDC_CS G623,FD Elec_CS F444,FD Elec_CS F432,FD Elec_CS F429
,,FD CDC_CS F372,HD Elec_CS G553,,,,HD Elec_CS G541,,,FD Elec_CS F424,FD Elec_CS F446,,,,,FD Elec_CS F441,,,,,,,,,,,,,HD Elec_CS G612,,HD Elec_CS G553,HD Elec_CS G518,FD Elec_CS F317,FD Elec_CS F519,,,,,FD Elec_CS F316,,,,,,FD Elec_CS F431,,,,,,,HD Elec_CS G523,FD Elec_CS F401,FD Elec_CS F427,,,,FD CDC_CS F342,,
,,,,,,,,,,FD Elec_CS F425,,,,,,,,,,,,,,,,,,,,,,,,,,,,,,,,,,,,,,,,,,,,,,,,,,
,,,,,,,,,,,,,,,,,,,,,,,,,,,,,,,,,,,,,,,,,,,,,,,,,,,,,,,,,,,,
6150.0,FD CDC_CS F301,FD CDC_CS F213,FD Elec_CS F402,FD Elec_CS F429,FD CDC_CS F214,FD Elec_CS F519,HD Elec_CS G541,HD Elec_CS G516,HD Elec_CS G551,FD Elec_CS F425,FD CDC_CS F372,FD CDC_CS F215,FD Elec_CS F314,FD Elec_CS F469,FD CDC_CS F213,FD Elec_CS F441,HD CDC_CS G623,FD Elec_CS F468,HD Elec_CS G518,FD Elec_CS F314,FD Elec_CS F432,HD Elec_CS G568,FD CDC_CS F214,FD Elec_CS F430,FD CDC_CS F301,FD Elec_CS F316,HD CDC_CS G526,FD CDC_CS F351,HD Elec_CS G612,HD CDC_CS G525,HD Elec_CS G553,FD Elec_CS F424,FD Elec_CS F427,FD Elec_CS F433,FD CDC_CS F215,FD CDC_CS F222,HD CDC_CS G526,FD CDC_CS F222,FD Elec_CS F446,FD Elec_CS F407,FD Elec_CS F431,FD Elec_CS F469,FD Elec_CS F407,FD Elec_CS F468,FD Elec_CS F402,FD Elec_CS F433,FD CDC_CS F351,HD Elec_CS G516,FD Elec_CS F444,HD CDC_CS G525,FD Elec_CS F430,HD Elec_CS G523,FD Elec_CS F401,FD Elec_CS F317,FD CDC_CS F342,HD Elec_CS G551,HD CDC_CS G623,FD Elec_CS F444,FD Elec_CS F432,FD Elec_CS F429
,,FD CDC_CS F372,HD Elec_CS G553,HD Elec_CS G568,,,HD Elec_CS G541,,,FD Elec_CS F424,FD Elec_CS F446,,,,,FD Elec_CS F441,,,,,,,,,,,,,HD Elec_CS G612,,,HD Elec_CS G518,FD Elec_CS F317,FD Elec_CS F519,,,,,FD Elec_CS F316,,,,,,FD Elec_CS F431,,,,,,,HD Elec_CS G523,FD Elec_CS F401,FD Elec_CS F427,,,,FD CDC_CS F342,,
,,,,,,,,,,FD Elec_CS F425,,,,,,,,,,,,,,,,,,,,,,,,,,,,,,,,,,,,,,,,,,,,,,,,,,
,,,,,,,,,,,,,,,,,,,,,,,,,,,,,,,,,,,,,,,,,,,,,,,,,,,,,,,,,,,,
6180.0,FD CDC_CS F301,FD CDC_CS F213,FD Elec_CS F402,FD Elec_CS F429,FD CDC_CS F214,FD Elec_CS F519,HD Elec_CS G541,HD Elec_CS G516,HD Elec_CS G551,FD Elec_CS F425,FD CDC_CS F372,FD CDC_CS F215,FD Elec_CS F314,FD Elec_CS F469,FD CDC_CS F213,FD Elec_CS F441,HD CDC_CS G623,FD Elec_CS F468,HD Elec_CS G518,FD Elec_CS F314,FD Elec_CS F432,HD Elec_CS G568,FD CDC_CS F214,FD Elec_CS F430,FD CDC_CS F301,FD Elec_CS F316,HD CDC_CS G526,FD CDC_CS F351,HD Elec_CS G612,HD CDC_CS G525,FD Elec_CS F432,FD Elec_CS F424,FD Elec_CS F427,FD Elec_CS F433,FD CDC_CS F215,FD CDC_CS F222,HD CDC_CS G526,FD CDC_CS F222,FD Elec_CS F446,FD Elec_CS F407,FD Elec_CS F431,FD Elec_CS F469,FD Elec_CS F407,FD Elec_CS F468,FD Elec_CS F402,FD Elec_CS F433,FD CDC_CS F351,HD Elec_CS G516,FD Elec_CS F444,HD CDC_CS G525,FD Elec_CS F430,HD Elec_CS G523,FD Elec_CS F401,FD Elec_CS F317,FD CDC_CS F342,HD Elec_CS G551,HD CDC_CS G623,FD Elec_CS F444,HD Elec_CS G518,FD Elec_CS F429
,,FD CDC_CS F372,HD Elec_CS G553,HD Elec_CS G568,,,HD Elec_CS G541,,,FD Elec_CS F424,FD Elec_CS F446,,,,,FD Elec_CS F441,,,FD Elec_CS F431,,,,,,,,,,HD Elec_CS G612,,,,FD Elec_CS F317,FD Elec_CS F519,,,,,FD Elec_CS F316,,,,,,HD Elec_CS G553,,,,,,,HD Elec_CS G523,FD Elec_CS F401,FD Elec_CS F427,,,,FD CDC_CS F342,,
,,,,,,,,,,FD Elec_CS F425,,,,,,,,,,,,,,,,,,,,,,,,,,,,,,,,,,,,,,,,,,,,,,,,,,
,,,,,,,,,,,,,,,,,,,,,,,,,,,,,,,,,,,,,,,,,,,,,,,,,,,,,,,,,,,,
6240.0,FD CDC_CS F301,FD CDC_CS F213,FD Elec_CS F402,FD Elec_CS F429,FD CDC_CS F214,FD Elec_CS F519,HD Elec_CS G541,HD Elec_CS G516,HD CDC_CS G623,FD Elec_CS F425,FD CDC_CS F372,FD CDC_CS F215,FD Elec_CS F314,FD Elec_CS F469,FD CDC_CS F213,FD Elec_CS F441,HD CDC_CS G623,FD Elec_CS F468,HD Elec_CS G518,FD Elec_CS F314,FD Elec_CS F432,HD Elec_CS G568,FD CDC_CS F214,FD Elec_CS F430,FD CDC_CS F301,FD Elec_CS F316,HD CDC_CS G526,FD CDC_CS F351,HD Elec_CS G612,HD CDC_CS G525,FD Elec_CS F432,FD Elec_CS F424,FD Elec_CS F427,FD Elec_CS F433,FD CDC_CS F215,FD CDC_CS F222,HD Elec_CS G523,FD CDC_CS F222,FD Elec_CS F446,FD Elec_CS F407,FD Elec_CS F431,FD Elec_CS F469,FD Elec_CS F407,FD Elec_CS F468,FD Elec_CS F402,HD Elec_CS G551,FD CDC_CS F351,HD Elec_CS G516,FD Elec_CS F444,HD CDC_CS G525,FD Elec_CS F430,HD Elec_CS G523,FD Elec_CS F401,FD Elec_CS F317,FD CDC_CS F342,HD Elec_CS G551,HD CDC_CS G526,FD Elec_CS F444,HD Elec_CS G518,FD Elec_CS F429
,,FD CDC_CS F372,HD Elec_CS G553,HD Elec_CS G568,,,HD Elec_CS G541,,,FD Elec_CS F424,FD Elec_CS F446,,,,,FD Elec_CS F441,,,FD Elec_CS F431,,,,,,,,,,HD Elec_CS G612,,,,FD Elec_CS F317,FD Elec_CS F519,,,,,FD Elec_CS F316,,,,,,HD Elec_CS G553,FD Elec_CS F433,,,,,,,FD Elec_CS F401,FD Elec_CS F427,,,,FD CDC_CS F342,,
,,,,,,,,,,FD Elec_CS F425,,,,,,,,,,,,,,,,,,,,,,,,,,,,,,,,,,,,,,,,,,,,,,,,,,
,,,,,,,,,,,,,,,,,,,,,,,,,,,,,,,,,,,,,,,,,,,,,,,,,,,,,,,,,,,,
6270.0,FD CDC_CS F301,FD CDC_CS F213,FD Elec_CS F402,FD Elec_CS F429,FD CDC_CS F214,FD Elec_CS F519,HD Elec_CS G541,HD Elec_CS G516,HD CDC_CS G623,FD Elec_CS F425,FD CDC_CS F372,FD CDC_CS F215,FD Elec_CS F314,FD Elec_CS F469,FD CDC_CS F213,FD Elec_CS F441,HD Elec_CS G551,FD Elec_CS F468,HD Elec_CS G518,FD Elec_CS F314,FD Elec_CS F432,HD Elec_CS G568,FD CDC_CS F214,FD Elec_CS F430,FD CDC_CS F301,FD Elec_CS F316,HD CDC_CS G526,FD CDC_CS F351,HD Elec_CS G612,HD CDC_CS G525,FD Elec_CS F432,FD Elec_CS F424,FD Elec_CS F427,FD Elec_CS F433,FD CDC_CS F215,FD CDC_CS F222,HD Elec_CS G523,FD CDC_CS F222,FD Elec_CS F446,FD Elec_CS F407,FD Elec_CS F431,FD Elec_CS F469,FD Elec_CS F407,FD Elec_CS F468,FD Elec_CS F402,FD Elec_CS F433,FD CDC_CS F351,HD Elec_CS G516,FD Elec_CS F444,HD CDC_CS G525,FD Elec_CS F430,HD Elec_CS G523,FD Elec_CS F401,FD Elec_CS F317,FD CDC_CS F342,HD Elec_CS G551,HD CDC_CS G526,FD Elec_CS F444,HD Elec_CS G518,FD Elec_CS F429
,,FD CDC_CS F372,HD Elec_CS G553,HD Elec_CS G568,,,HD Elec_CS G541,,,FD Elec_CS F424,FD Elec_CS F446,,,,,FD Elec_CS F441,HD CDC_CS G623,,FD Elec_CS F431,,,,,,,,,,HD Elec_CS G612,,,,FD Elec_CS F317,FD Elec_CS F519,,,,,FD Elec_CS F316,,,,,,HD Elec_CS G553,,,,,,,,FD Elec_CS F401,FD Elec_CS F427,,,,FD CDC_CS F342,,
,,,,,,,,,,FD Elec_CS F425,,,,,,,,,,,,,,,,,,,,,,,,,,,,,,,,,,,,,,,,,,,,,,,,,,
,,,,,,,,,,,,,,,,,,,,,,,,,,,,,,,,,,,,,,,,,,,,,,,,,,,,,,,,,,,,
6300.0,FD CDC_CS F301,FD CDC_CS F213,FD Elec_CS F402,FD Elec_CS F429,FD CDC_CS F214,FD Elec_CS F519,HD Elec_CS G541,HD Elec_CS G516,HD CDC_CS G623,FD Elec_CS F425,FD CDC_CS F372,FD CDC_CS F215,FD Elec_CS F314,FD Elec_CS F469,FD CDC_CS F213,FD Elec_CS F441,HD Elec_CS G551,FD Elec_CS F468,HD Elec_CS G518,FD Elec_CS F314,FD Elec_CS F432,HD Elec_CS G568,FD CDC_CS F214,FD Elec_CS F430,FD CDC_CS F301,FD Elec_CS F316,HD CDC_CS G526,FD CDC_CS F351,HD Elec_CS G612,HD CDC_CS G525,FD Elec_CS F432,FD Elec_CS F424,FD Elec_CS F427,FD Elec_CS F433,FD CDC_CS F215,FD CDC_CS F222,FD CDC_CS F342,FD CDC_CS F222,FD Elec_CS F446,FD Elec_CS F407,FD Elec_CS F431,FD Elec_CS F469,FD Elec_CS F407,FD Elec_CS F468,FD Elec_CS F402,FD Elec_CS F433,FD CDC_CS F351,HD Elec_CS G516,FD Elec_CS F444,HD CDC_CS G525,FD Elec_CS F430,HD Elec_CS G523,FD Elec_CS F401,FD Elec_CS F317,FD CDC_CS F342,HD Elec_CS G551,HD CDC_CS G526,FD Elec_CS F444,HD Elec_CS G518,FD Elec_CS F429
,,FD CDC_CS F372,HD Elec_CS G553,HD Elec_CS G568,,,HD Elec_CS G541,,,FD Elec_CS F424,FD Elec_CS F446,,,,,FD Elec_CS F441,HD CDC_CS G623,,FD Elec_CS F431,,,,,,,,,,HD Elec_CS G612,,,,FD Elec_CS F317,FD Elec_CS F519,,,,,FD Elec_CS F316,,,,,,HD Elec_CS G553,,,,,,,HD Elec_CS G523,FD Elec_CS F401,FD Elec_CS F427,,,,,,
,,,,,,,,,,FD Elec_CS F425,,,,,,,,,,,,,,,,,,,,,,,,,,,,,,,,,,,,,,,,,,,,,,,,,,
,,,,,,,,,,,,,,,,,,,,,,,,,,,,,,,,,,,,,,,,,,,,,,,,,,,,,,,,,,,,
6330.0,FD CDC_CS F301,FD CDC_CS F213,FD Elec_CS F402,FD Elec_CS F429,FD CDC_CS F214,FD Elec_CS F519,HD Elec_CS G541,HD CDC_CS G623,HD CDC_CS G526,FD Elec_CS F425,FD CDC_CS F372,FD CDC_CS F215,FD Elec_CS F314,FD Elec_CS F469,FD CDC_CS F213,FD Elec_CS F441,HD Elec_CS G551,FD Elec_CS F468,HD Elec_CS G518,FD Elec_CS F314,FD Elec_CS F432,HD Elec_CS G568,FD CDC_CS F214,FD Elec_CS F430,FD CDC_CS F351,FD Elec_CS F316,HD CDC_CS G526,HD CDC_CS G623,HD Elec_CS G612,HD CDC_CS G525,FD Elec_CS F432,FD Elec_CS F424,FD Elec_CS F427,FD Elec_CS F433,FD CDC_CS F215,FD CDC_CS F222,FD CDC_CS F342,FD CDC_CS F222,FD Elec_CS F446,FD Elec_CS F407,FD Elec_CS F431,FD Elec_CS F469,FD Elec_CS F407,FD Elec_CS F468,FD Elec_CS F402,FD Elec_CS F433,FD CDC_CS F351,HD Elec_CS G516,FD Elec_CS F444,FD CDC_CS F301,FD Elec_CS F430,HD Elec_CS G523,FD Elec_CS F401,FD Elec_CS F317,FD CDC_CS F342,HD Elec_CS G551,HD CDC_CS G525,FD Elec_CS F444,HD Elec_CS G518,FD Elec_CS F429
,,FD CDC_CS F372,HD Elec_CS G553,HD Elec_CS G568,,,HD Elec_CS G541,,,FD Elec_CS F424,FD Elec_CS F446,,,,,FD Elec_CS F441,,,FD Elec_CS F431,,,,,,,,,,HD Elec_CS G612,,,,FD Elec_CS F317,FD Elec_CS F519,,,,,FD Elec_CS F316,,,,,,HD Elec_CS G553,HD Elec_CS G516,,,,,,HD Elec_CS G523,FD Elec_CS F401,FD Elec_CS F427,,,,,,
,,,,,,,,,,FD Elec_CS F425,,,,,,,,,,,,,,,,,,,,,,,,,,,,,,,,,,,,,,,,,,,,,,,,,,
,,,,,,,,,,,,,,,,,,,,,,,,,,,,,,,,,,,,,,,,,,,,,,,,,,,,,,,,,,,,
6360,FD CDC_CS F301,FD Elec_CS F431,FD Elec_CS F402,FD Elec_CS F429,FD CDC_CS F214,FD Elec_CS F519,HD Elec_CS G541,HD CDC_CS G623,HD CDC_CS G526,FD Elec_CS F425,FD CDC_CS F372,FD CDC_CS F215,FD Elec_CS F314,FD Elec_CS F469,FD CDC_CS F213,FD Elec_CS F441,HD Elec_CS G551,FD Elec_CS F468,HD Elec_CS G518,FD Elec_CS F314,FD Elec_CS F432,HD Elec_CS G568,FD CDC_CS F214,FD Elec_CS F430,FD CDC_CS F351,FD Elec_CS F316,HD CDC_CS G526,HD CDC_CS G623,HD Elec_CS G612,HD CDC_CS G525,FD Elec_CS F432,FD Elec_CS F424,FD Elec_CS F427,FD Elec_CS F433,FD CDC_CS F215,FD CDC_CS F222,FD CDC_CS F342,FD CDC_CS F222,FD Elec_CS F446,FD Elec_CS F407,FD Elec_CS F431,FD Elec_CS F469,FD Elec_CS F407,FD Elec_CS F468,FD Elec_CS F402,FD Elec_CS F433,FD CDC_CS F351,HD Elec_CS G516,FD Elec_CS F444,FD CDC_CS F301,FD Elec_CS F430,HD Elec_CS G523,FD Elec_CS F401,FD Elec_CS F317,FD CDC_CS F342,HD Elec_CS G551,HD CDC_CS G525,FD Elec_CS F444,HD Elec_CS G518,FD Elec_CS F429
,,FD CDC_CS F213,HD Elec_CS G553,HD Elec_CS G568,,,HD Elec_CS G541,,,FD Elec_CS F424,FD Elec_CS F446,,,,,FD Elec_CS F441,,,,,,,,,,,,,HD Elec_CS G612,,FD CDC_CS F372,,FD Elec_CS F317,FD Elec_CS F519,,,,,FD Elec_CS F316,,,,,,HD Elec_CS G553,HD Elec_CS G516,,,,,,HD Elec_CS G523,FD Elec_CS F401,FD Elec_CS F427,,,,,,
,,,,,,,,,,FD Elec_CS F425,,,,,,,,,,,,,,,,,,,,,,,,,,,,,,,,,,,,,,,,,,,,,,,,,,
